location,image,reference,assessment
BRAVE E,introdue,introduce,Apparent missing c; legible in enlarged crop
BRAVE E,No visible words between introdue and cent / ral,a trusted,Apparent omission; initial A before common remains uncertain
NEW E,dou / dle- / spent,double-spent,Apparent b to d substitution; split strokes make confidence lower
WORLD O,sing,sign,Apparent transposition of the last two letters
WORLD D,abcense,absence,Apparent s to c substitution
THE H,participans,participants,Apparent missing t; handwritten join is ambiguous
Footer,recived,received,Apparent missing e; partly crossed by frame
WELCOME TO,No visible citation marker after announced,[1],Reference citation marker is not visibly reproduced
Footer tail,Several words crossed by black frame,See section 2 closing sentence,Not transcribed from reference; remains obscured
