imageWordIndex,imageToken,referenceWordIndex,status,referenceDifference
1,We,1,same word ignoring case,
2,define,2,same word ignoring case,
3,an,3,same word ignoring case,
4,electronic,4,same word ignoring case,
5,coin,5,same word ignoring case,
6,as,6,same word ignoring case,
7,a,7,same word ignoring case,
8,chain,8,same word ignoring case,
9,of,9,same word ignoring case,
10,digital,10,same word ignoring case,
11,signatures,11,same word ignoring case,
12,Each,12,same word ignoring case,
13,owner,13,same word ignoring case,
14,transfers,14,same word ignoring case,
15,the,15,same word ignoring case,
16,coin,16,same word ignoring case,
17,to,17,same word ignoring case,
18,the,18,same word ignoring case,
19,next,19,same word ignoring case,
20,by,20,same word ignoring case,
21,digitally,21,same word ignoring case,
22,signing,22,same word ignoring case,
23,a,23,same word ignoring case,
24,hash,24,same word ignoring case,
25,of,25,same word ignoring case,
26,the,26,same word ignoring case,
27,previous,27,same word ignoring case,
28,transaction,28,same word ignoring case,
29,and,29,same word ignoring case,
30,the,30,same word ignoring case,
31,public,31,same word ignoring case,
32,key,32,same word ignoring case,
33,of,33,same word ignoring case,
34,the,34,same word ignoring case,
35,next,35,same word ignoring case,
36,owner,36,same word ignoring case,
37,and,37,same word ignoring case,
38,adding,38,same word ignoring case,
39,these,39,same word ignoring case,
40,to,40,same word ignoring case,
41,the,41,same word ignoring case,
42,end,42,same word ignoring case,
43,of,43,same word ignoring case,
44,the,44,same word ignoring case,
45,coin,45,same word ignoring case,
46,A,46,same word ignoring case,
47,payee,47,same word ignoring case,
48,can,48,same word ignoring case,
49,verify,49,same word ignoring case,
50,the,50,same word ignoring case,
51,signatures,51,same word ignoring case,
52,to,52,same word ignoring case,
53,verify,53,same word ignoring case,
54,the,54,same word ignoring case,
55,chain,55,same word ignoring case,
56,of,56,same word ignoring case,
57,ownership,57,same word ignoring case,
58,The,58,same word ignoring case,
59,problem,59,same word ignoring case,
60,of,60,same word ignoring case,
61,course,61,same word ignoring case,
62,is,62,same word ignoring case,
63,the,63,same word ignoring case,
64,payee,64,same word ignoring case,
65,can't,65,same word ignoring case,
66,verify,66,same word ignoring case,
67,that,67,same word ignoring case,
68,one,68,same word ignoring case,
69,of,69,same word ignoring case,
70,the,70,same word ignoring case,
71,owners,71,same word ignoring case,
72,did,72,same word ignoring case,
73,not,73,same word ignoring case,
74:75,double spend,74:74,replace; review required,double-spend
76,the,75,same word ignoring case,
77,coin,76,same word ignoring case,
78,UNCERTAIN_A,77,uncertain candidate aligned,
79,common,78,same word ignoring case,
80,solution,79,same word ignoring case,
81,is,80,same word ignoring case,
82,to,81,same word ignoring case,
83:83,introdue,82:84,replace; review required,introduce a trusted
84,central,85,same word ignoring case,
85,authority,86,same word ignoring case,
86,or,87,same word ignoring case,
87,mint,88,same word ignoring case,
88,that,89,same word ignoring case,
89,checks,90,same word ignoring case,
90,every,91,same word ignoring case,
91,transaction,92,same word ignoring case,
92,for,93,same word ignoring case,
93,double,94,same word ignoring case,
94,spending,95,same word ignoring case,
95,After,96,same word ignoring case,
96,each,97,same word ignoring case,
97,transaction,98,same word ignoring case,
98,the,99,same word ignoring case,
99,coin,100,same word ignoring case,
100,must,101,same word ignoring case,
101,be,102,same word ignoring case,
102,returned,103,same word ignoring case,
103,to,104,same word ignoring case,
104,the,105,same word ignoring case,
105,mint,106,same word ignoring case,
106,to,107,same word ignoring case,
107,issue,108,same word ignoring case,
108,a,109,same word ignoring case,
109,new,110,same word ignoring case,
110,coin,111,same word ignoring case,
111,and,112,same word ignoring case,
112,only,113,same word ignoring case,
113,coins,114,same word ignoring case,
114,issued,115,same word ignoring case,
115,directly,116,same word ignoring case,
116,from,117,same word ignoring case,
117,the,118,same word ignoring case,
118,mint,119,same word ignoring case,
119,are,120,same word ignoring case,
120,trusted,121,same word ignoring case,
121,not,122,same word ignoring case,
122,to,123,same word ignoring case,
123,be,124,same word ignoring case,
124:124,doudle-spent,125:125,replace; review required,double-spent
125,The,126,same word ignoring case,
126,problem,127,same word ignoring case,
127,with,128,same word ignoring case,
128,this,129,same word ignoring case,
129,solution,130,same word ignoring case,
130,is,131,same word ignoring case,
131,that,132,same word ignoring case,
132,the,133,same word ignoring case,
133,fate,134,same word ignoring case,
134,of,135,same word ignoring case,
135,the,136,same word ignoring case,
136,entire,137,same word ignoring case,
137,money,138,same word ignoring case,
138,system,139,same word ignoring case,
139,depends,140,same word ignoring case,
140,on,141,same word ignoring case,
141,the,142,same word ignoring case,
142,company,143,same word ignoring case,
143,running,144,same word ignoring case,
144,the,145,same word ignoring case,
145,mint,146,same word ignoring case,
146,with,147,same word ignoring case,
147,every,148,same word ignoring case,
148,transaction,149,same word ignoring case,
149,having,150,same word ignoring case,
150,to,151,same word ignoring case,
151,go,152,same word ignoring case,
152,through,153,same word ignoring case,
153,them,154,same word ignoring case,
154,just,155,same word ignoring case,
155,like,156,same word ignoring case,
156,a,157,same word ignoring case,
157,bank,158,same word ignoring case,
158,We,159,same word ignoring case,
159,need,160,same word ignoring case,
160,a,161,same word ignoring case,
161,way,162,same word ignoring case,
162,for,163,same word ignoring case,
163,the,164,same word ignoring case,
164,payee,165,same word ignoring case,
165,to,166,same word ignoring case,
166,know,167,same word ignoring case,
167,that,168,same word ignoring case,
168,the,169,same word ignoring case,
169,previous,170,same word ignoring case,
170,owners,171,same word ignoring case,
171,did,172,same word ignoring case,
172,not,173,same word ignoring case,
173:173,sing,174:174,replace; review required,sign
174,any,175,same word ignoring case,
175,earlier,176,same word ignoring case,
176,transactions,177,same word ignoring case,
177,For,178,same word ignoring case,
178,our,179,same word ignoring case,
179,purposes,180,same word ignoring case,
180,the,181,same word ignoring case,
181,earliest,182,same word ignoring case,
182,transaction,183,same word ignoring case,
183,is,184,same word ignoring case,
184,the,185,same word ignoring case,
185,one,186,same word ignoring case,
186,that,187,same word ignoring case,
187,counts,188,same word ignoring case,
188,so,189,same word ignoring case,
189,we,190,same word ignoring case,
190,don't,191,same word ignoring case,
191,care,192,same word ignoring case,
192,about,193,same word ignoring case,
193,later,194,same word ignoring case,
194,attempts,195,same word ignoring case,
195,to,196,same word ignoring case,
196,double-spend,197,same word ignoring case,
197,The,198,same word ignoring case,
198,only,199,same word ignoring case,
199,way,200,same word ignoring case,
200,to,201,same word ignoring case,
201,confirm,202,same word ignoring case,
202,the,203,same word ignoring case,
203:203,abcense,204:204,replace; review required,absence
204,of,205,same word ignoring case,
205,a,206,same word ignoring case,
206,transaction,207,same word ignoring case,
207,is,208,same word ignoring case,
208,to,209,same word ignoring case,
209,be,210,same word ignoring case,
210,aware,211,same word ignoring case,
211,of,212,same word ignoring case,
212,all,213,same word ignoring case,
213,transactions,214,same word ignoring case,
214,In,215,same word ignoring case,
215,the,216,same word ignoring case,
216,mint,217,same word ignoring case,
217,based,218,same word ignoring case,
218,model,219,same word ignoring case,
219,the,220,same word ignoring case,
220,mint,221,same word ignoring case,
221,was,222,same word ignoring case,
222,aware,223,same word ignoring case,
223,of,224,same word ignoring case,
224,all,225,same word ignoring case,
225,transactions,226,same word ignoring case,
226,and,227,same word ignoring case,
227,decided,228,same word ignoring case,
228,which,229,same word ignoring case,
229,arrived,230,same word ignoring case,
230,first,231,same word ignoring case,
231,To,232,same word ignoring case,
232,accomplish,233,same word ignoring case,
233,this,234,same word ignoring case,
234,without,235,same word ignoring case,
235,a,236,same word ignoring case,
236,trusted,237,same word ignoring case,
237,party,238,same word ignoring case,
238,transactions,239,same word ignoring case,
239,must,240,same word ignoring case,
240,be,241,same word ignoring case,
241,publicly,242,same word ignoring case,
242,announced,243,same word ignoring case,
,,244:244,insert; review required,[1]
243,and,245,same word ignoring case,
244,we,246,same word ignoring case,
245,need,247,same word ignoring case,
246,a,248,same word ignoring case,
247,system,249,same word ignoring case,
248,for,250,same word ignoring case,
249:249,participans,251:251,replace; review required,participants
250,to,252,same word ignoring case,
251,agree,253,same word ignoring case,
252,on,254,same word ignoring case,
253,a,255,same word ignoring case,
254,single,256,same word ignoring case,
255,history,257,same word ignoring case,
256,of,258,same word ignoring case,
257,the,259,same word ignoring case,
258,order,260,same word ignoring case,
259,in,261,same word ignoring case,
260,UNCERTAIN_which,262,uncertain candidate aligned,
261,they,263,same word ignoring case,
262,were,264,same word ignoring case,
263:263,recived,265:265,replace; review required,received
264,the,266,same word ignoring case,
265,payee,267,same word ignoring case,
266,needs,268,same word ignoring case,
267,proof,269,same word ignoring case,
268,that,270,same word ignoring case,
269,at,271,same word ignoring case,
270,the,272,same word ignoring case,
271,time,273,same word ignoring case,
272,of,274,same word ignoring case,
273,each,275,same word ignoring case,
274,transaction,276,same word ignoring case,
275,the,277,same word ignoring case,
276:276,UNREADABLE,278:278,replace; review required,majority
277,of,279,same word ignoring case,
278,nodes,280,same word ignoring case,
279,agreed,281,same word ignoring case,
280,it,282,same word ignoring case,
281,was,283,same word ignoring case,
282:282,UNREADABLE,284:286,replace; review required,the first received
